{"version": "1", "message": "ERROR: Hidden Testcases server unreachable.", "problem_id": "ads2_m16_a1_1", "user_id": "swapnika-20186045", "score": {"sample": {"0": {"execution_time": 0.5186445713043213, "passed": true}, "1": {"execution_time": 0.5581846237182617, "passed": true}, "2": {"execution_time": 1.152198076248169, "passed": true}, "3": {"execution_time": 1.154468297958374, "passed": true}, "4": {"execution_time": 1.1555683612823486, "passed": true}, "5": {"execution_time": 1.4133021831512451, "passed": true}, "6": {"execution_time": 1.1371288299560547, "passed": true}, "7": {"execution_time": 1.1340663433074951, "passed": true}, "8": {"execution_time": 0.6319992542266846, "passed": true}, "9": {"execution_time": 1.121000051498413, "passed": true}, "10": {"execution_time": 1.1351745128631592, "passed": true}, "11": {"execution_time": 6.129034757614136, "passed": true}, "12": {"execution_time": 1.2205984592437744, "passed": true}, "13": {"execution_time": 0.44837284088134766, "passed": true}, "14": {"execution_time": 1.0961027145385742, "passed": true}, "15": {"execution_time": 1.1182372570037842, "passed": true}, "16": {"execution_time": 0.7307965755462646, "passed": true}, "17": {"execution_time": 0.5936384201049805, "passed": true}, "18": {"execution_time": 0.595961332321167, "passed": true}, "19": {"execution_time": 0.6029677391052246, "passed": true}, "20": {"execution_time": 0.64212965965271, "passed": true}, "21": {"execution_time": 0.5853500366210938, "passed": true}, "22": {"execution_time": 0.5975475311279297, "passed": true}, "23": {"execution_time": 0.6333539485931396, "passed": true}, "24": {"execution_time": 0.43482136726379395, "passed": true}, "25": {"execution_time": 1.296708106994629, "passed": true}, "26": {"execution_time": 1.0036342144012451, "passed": true}, "27": {"execution_time": 1.2738873958587646, "passed": true}, "28": {"execution_time": 2.190896511077881, "passed": true}, "29": {"execution_time": 0.42392706871032715, "passed": true}}}, "check_style_score": "0/1"}