{"version": "1", "message": "ERROR: Hidden Testcases server unreachable.", "problem_id": "ads2_m16_a1_1", "user_id": "swapnika-20186045", "score": {"sample": {"0": {"execution_time": 0.5954337120056152, "passed": true}, "1": {"execution_time": 0.5023727416992188, "passed": true}, "2": {"execution_time": 1.2040114402770996, "passed": true}, "3": {"execution_time": 1.202988624572754, "passed": true}, "4": {"execution_time": 1.1621339321136475, "passed": true}, "5": {"execution_time": 1.1874587535858154, "passed": true}, "6": {"execution_time": 1.1950724124908447, "passed": true}, "7": {"execution_time": 1.2429475784301758, "passed": true}, "8": {"execution_time": 0.7101600170135498, "passed": true}, "9": {"execution_time": 1.2205801010131836, "passed": true}, "10": {"execution_time": 1.1368095874786377, "passed": true}, "11": {"execution_time": 6.171998500823975, "passed": true}, "12": {"execution_time": 1.4371058940887451, "passed": true}, "13": {"execution_time": 0.5108368396759033, "passed": true}, "14": {"execution_time": 1.4961731433868408, "passed": true}, "15": {"execution_time": 1.1993534564971924, "passed": true}, "16": {"execution_time": 0.6295075416564941, "passed": true}, "17": {"execution_time": 0.8253676891326904, "passed": true}, "18": {"execution_time": 0.9784407615661621, "passed": true}, "19": {"execution_time": 1.2752811908721924, "passed": true}, "20": {"execution_time": 0.7322375774383545, "passed": true}, "21": {"execution_time": 0.8273742198944092, "passed": true}, "22": {"execution_time": 0.8260331153869629, "passed": true}, "23": {"execution_time": 0.648822546005249, "passed": true}, "24": {"execution_time": 0.4388458728790283, "passed": true}, "25": {"execution_time": 1.442396640777588, "passed": true}, "26": {"execution_time": 1.3133440017700195, "passed": true}, "27": {"execution_time": 1.5542545318603516, "passed": true}, "28": {"execution_time": 3.2914249897003174, "passed": true}, "29": {"execution_time": 0.5531799793243408, "passed": true}}}, "check_style_score": "0/1"}