{"version": "1", "message": "ERROR: Hidden Testcases server unreachable.", "problem_id": "ads2_m16_a1_1", "user_id": "swapnika-20186045", "score": {"sample": {"0": {"execution_time": 0.4949955940246582, "passed": true}, "1": {"execution_time": 0.5222549438476562, "passed": true}, "2": {"execution_time": 1.1324942111968994, "passed": true}, "3": {"execution_time": 1.1561179161071777, "passed": true}, "4": {"execution_time": 1.1446263790130615, "passed": true}, "5": {"execution_time": 1.1587138175964355, "passed": true}, "6": {"execution_time": 1.163360357284546, "passed": true}, "7": {"execution_time": 1.1421964168548584, "passed": true}, "8": {"execution_time": 0.6290452480316162, "passed": true}, "9": {"execution_time": 1.1263816356658936, "passed": true}, "10": {"execution_time": 1.1431474685668945, "passed": true}, "11": {"execution_time": 6.165242671966553, "passed": true}, "12": {"execution_time": 1.2051377296447754, "passed": true}, "13": {"execution_time": 0.5365421772003174, "passed": true}, "14": {"execution_time": 1.1345162391662598, "passed": true}, "15": {"execution_time": 1.1511585712432861, "passed": true}, "16": {"execution_time": 0.5772676467895508, "passed": true}, "17": {"execution_time": 0.5817282199859619, "passed": true}, "18": {"execution_time": 0.5833406448364258, "passed": true}, "19": {"execution_time": 0.6183867454528809, "passed": true}, "20": {"execution_time": 0.6720860004425049, "passed": true}, "21": {"execution_time": 0.6005942821502686, "passed": true}, "22": {"execution_time": 0.5629072189331055, "passed": true}, "23": {"execution_time": 0.6223690509796143, "passed": true}, "24": {"execution_time": 0.43135499954223633, "passed": true}, "25": {"execution_time": 1.2966113090515137, "passed": true}, "26": {"execution_time": 1.051016092300415, "passed": true}, "27": {"execution_time": 1.275451898574829, "passed": true}, "28": {"execution_time": 2.1227376461029053, "passed": true}, "29": {"execution_time": 0.4783949851989746, "passed": true}}}, "check_style_score": "0/1"}