{"version": "1", "message": "ERROR: Hidden Testcases server unreachable.", "problem_id": "ads2_m16_a1_1", "user_id": "swapnika-20186045", "score": {"sample": {"0": {"execution_time": 0.5121827125549316, "passed": true}, "1": {"execution_time": 0.500706672668457, "passed": true}, "2": {"execution_time": 1.15226149559021, "passed": true}, "3": {"execution_time": 1.1403906345367432, "passed": true}, "4": {"execution_time": 1.1401221752166748, "passed": true}, "5": {"execution_time": 1.1585917472839355, "passed": true}, "6": {"execution_time": 1.148963451385498, "passed": true}, "7": {"execution_time": 1.1572723388671875, "passed": true}, "8": {"execution_time": 0.633415699005127, "passed": true}, "9": {"execution_time": 1.1361370086669922, "passed": true}, "10": {"execution_time": 1.1369731426239014, "passed": true}, "11": {"execution_time": 6.161369323730469, "passed": true}, "12": {"execution_time": 1.1643726825714111, "passed": true}, "13": {"execution_time": 0.4748408794403076, "passed": true}, "14": {"execution_time": 1.174964189529419, "passed": true}, "15": {"execution_time": 1.158494472503662, "passed": true}, "16": {"execution_time": 0.6025180816650391, "passed": true}, "17": {"execution_time": 0.6004621982574463, "passed": true}, "18": {"execution_time": 0.5869982242584229, "passed": true}, "19": {"execution_time": 0.6023576259613037, "passed": true}, "20": {"execution_time": 0.6223659515380859, "passed": true}, "21": {"execution_time": 0.5973191261291504, "passed": true}, "22": {"execution_time": 0.6185851097106934, "passed": true}, "23": {"execution_time": 0.6184866428375244, "passed": true}, "24": {"execution_time": 0.5028438568115234, "passed": true}, "25": {"execution_time": 1.2185375690460205, "passed": true}, "26": {"execution_time": 1.0485780239105225, "passed": true}, "27": {"execution_time": 1.3021953105926514, "passed": true}, "28": {"execution_time": 2.1896824836730957, "passed": true}, "29": {"execution_time": 0.4257023334503174, "passed": true}}}, "check_style_score": "0/1"}