{"version": "1", "message": "ERROR: Hidden Testcases server unreachable.", "problem_id": "ads2_m6_a1_1", "user_id": "swapnika-20186045", "score": {"sample": {"0": {"execution_time": 0.5273380279541016, "passed": false}, "1": {"execution_time": 0.4042673110961914, "passed": false}, "2": {"execution_time": 0.38944530487060547, "passed": false}, "3": {"execution_time": 0.4311866760253906, "passed": false}, "4": {"execution_time": 0.4004781246185303, "passed": false}, "5": {"execution_time": 0.43506836891174316, "passed": true}, "6": {"execution_time": 0.5883746147155762, "passed": true}, "7": {"execution_time": 0.5075674057006836, "passed": false}, "8": {"execution_time": 0.5321285724639893, "passed": true}, "9": {"execution_time": 0.5563712120056152, "passed": false}, "10": {"execution_time": 0.49764585494995117, "passed": true}, "11": {"execution_time": 0.5585498809814453, "passed": false}}}, "check_style_score": "0/1"}