{"version": "1", "message": "ERROR: Hidden Testcases server unreachable.", "problem_id": "ads2_m6_a1_1", "user_id": "swapnika-20186045", "score": {"sample": {"0": {"execution_time": 0.5276980400085449, "passed": false}, "1": {"execution_time": 0.5456883907318115, "passed": false}, "2": {"execution_time": 0.49952149391174316, "passed": false}, "3": {"execution_time": 0.6116504669189453, "passed": false}, "4": {"execution_time": 0.396773099899292, "passed": false}, "5": {"execution_time": 0.5236978530883789, "passed": false}, "6": {"execution_time": 0.48772120475769043, "passed": true}, "7": {"execution_time": 0.48975515365600586, "passed": false}, "8": {"execution_time": 0.5187017917633057, "passed": true}, "9": {"execution_time": 0.4038233757019043, "passed": false}, "10": {"execution_time": 0.38820624351501465, "passed": true}, "11": {"execution_time": 0.4288058280944824, "passed": false}}}, "check_style_score": "0/1"}