{"version": "1", "message": "ERROR: Hidden Testcases server unreachable.", "problem_id": "ads2_m6_a1_1", "user_id": "swapnika-20186045", "score": {"sample": {"0": {"execution_time": 0.6196267604827881, "passed": false}, "1": {"execution_time": 0.4432497024536133, "passed": false}, "2": {"execution_time": 0.394028902053833, "passed": false}, "3": {"execution_time": 0.36641478538513184, "passed": false}, "4": {"execution_time": 0.4556753635406494, "passed": false}, "5": {"execution_time": 0.36534929275512695, "passed": false}, "6": {"execution_time": 0.3692202568054199, "passed": false}, "7": {"execution_time": 0.4556553363800049, "passed": false}, "8": {"execution_time": 0.37581706047058105, "passed": false}, "9": {"execution_time": 0.3677356243133545, "passed": false}, "10": {"execution_time": 0.4095456600189209, "passed": false}, "11": {"execution_time": 0.4512941837310791, "passed": false}}}, "check_style_score": "0/1"}