{"version": "1", "message": "ERROR: Hidden Testcases server unreachable.", "problem_id": "ads2_m6_a1_1", "user_id": "swapnika-20186045", "score": {"sample": {"0": {"execution_time": 0.5506858825683594, "passed": false}, "1": {"execution_time": 0.4657626152038574, "passed": false}, "2": {"execution_time": 0.4777238368988037, "passed": false}, "3": {"execution_time": 0.5456864833831787, "passed": false}, "4": {"execution_time": 0.5107076168060303, "passed": false}, "5": {"execution_time": 0.5042786598205566, "passed": false}, "6": {"execution_time": 0.5126516819000244, "passed": true}, "7": {"execution_time": 0.40107131004333496, "passed": false}, "8": {"execution_time": 0.4997129440307617, "passed": true}, "9": {"execution_time": 0.5865504741668701, "passed": false}, "10": {"execution_time": 0.4995086193084717, "passed": true}, "11": {"execution_time": 0.74330735206604, "passed": false}}}, "check_style_score": "0/1"}