{"version": "1", "message": "ERROR: Hidden Testcases server unreachable.", "problem_id": "ads2_m6_a1_1", "user_id": "swapnika-20186045", "score": {"sample": {"0": {"execution_time": 0.4749441146850586, "passed": false}, "1": {"execution_time": 0.4020545482635498, "passed": false}, "2": {"execution_time": 0.41005635261535645, "passed": false}, "3": {"execution_time": 0.5884106159210205, "passed": false}, "4": {"execution_time": 0.5626468658447266, "passed": false}, "5": {"execution_time": 0.5252928733825684, "passed": true}, "6": {"execution_time": 0.5087511539459229, "passed": true}, "7": {"execution_time": 0.5063731670379639, "passed": false}, "8": {"execution_time": 0.5006136894226074, "passed": true}, "9": {"execution_time": 0.46874117851257324, "passed": false}, "10": {"execution_time": 0.5042824745178223, "passed": true}, "11": {"execution_time": 0.4186995029449463, "passed": false}}}, "check_style_score": "0/1"}