{"version": "1", "message": "ERROR: Hidden Testcases server unreachable.", "problem_id": "ads2_m6_a1_1", "user_id": "swapnika-20186045", "score": {"sample": {"0": {"execution_time": 0.6713230609893799, "passed": false}, "1": {"execution_time": 0.5680408477783203, "passed": false}, "2": {"execution_time": 0.5380120277404785, "passed": false}, "3": {"execution_time": 0.5466246604919434, "passed": false}, "4": {"execution_time": 1.1063919067382812, "passed": false}, "5": {"execution_time": 0.765800952911377, "passed": true}, "6": {"execution_time": 0.9206700325012207, "passed": true}, "7": {"execution_time": 1.1633331775665283, "passed": false}, "8": {"execution_time": 0.6391956806182861, "passed": true}, "9": {"execution_time": 0.9708786010742188, "passed": false}, "10": {"execution_time": 0.6958210468292236, "passed": true}, "11": {"execution_time": 0.6820569038391113, "passed": false}}}, "check_style_score": "0/1"}