{"version": "1", "message": "ERROR: Hidden Testcases server unreachable.", "problem_id": "ads2_m6_a1_1", "user_id": "swapnika-20186045", "score": {"sample": {"0": {"execution_time": 0.4494194984436035, "passed": false}, "1": {"execution_time": 0.3669891357421875, "passed": false}, "2": {"execution_time": 0.3644552230834961, "passed": false}, "3": {"execution_time": 0.367185115814209, "passed": false}, "4": {"execution_time": 0.35678648948669434, "passed": false}, "5": {"execution_time": 0.35950136184692383, "passed": false}, "6": {"execution_time": 0.3715834617614746, "passed": false}, "7": {"execution_time": 0.5627527236938477, "passed": false}, "8": {"execution_time": 0.38797616958618164, "passed": false}, "9": {"execution_time": 0.6816058158874512, "passed": false}, "10": {"execution_time": 0.4236736297607422, "passed": false}, "11": {"execution_time": 0.5139892101287842, "passed": false}}}, "check_style_score": "0/1"}