{"version": "1", "message": "ERROR: Hidden Testcases server unreachable.", "problem_id": "ads2_m6_a1_1", "user_id": "swapnika-20186045", "score": {"sample": {"0": {"execution_time": 0.4805450439453125, "passed": false}, "1": {"execution_time": 0.3725757598876953, "passed": false}, "2": {"execution_time": 0.39342617988586426, "passed": false}, "3": {"execution_time": 0.4175417423248291, "passed": false}, "4": {"execution_time": 0.40581560134887695, "passed": false}, "5": {"execution_time": 0.3817005157470703, "passed": true}, "6": {"execution_time": 0.38344836235046387, "passed": true}, "7": {"execution_time": 0.38572120666503906, "passed": false}, "8": {"execution_time": 0.38512468338012695, "passed": true}, "9": {"execution_time": 0.38025379180908203, "passed": false}, "10": {"execution_time": 0.3908989429473877, "passed": true}, "11": {"execution_time": 0.4104597568511963, "passed": false}}}, "check_style_score": "0/1"}