{"version": "1", "message": "ERROR: Hidden Testcases server unreachable.", "problem_id": "ads2_m6_a1_1", "user_id": "swapnika-20186045", "score": {"sample": {"0": {"execution_time": 0.507753849029541, "passed": false}, "1": {"execution_time": 0.40445661544799805, "passed": false}, "2": {"execution_time": 0.39061784744262695, "passed": false}, "3": {"execution_time": 0.41078853607177734, "passed": false}, "4": {"execution_time": 0.3932943344116211, "passed": false}, "5": {"execution_time": 0.5519564151763916, "passed": false}, "6": {"execution_time": 0.5267012119293213, "passed": true}, "7": {"execution_time": 0.48433804512023926, "passed": false}, "8": {"execution_time": 0.6068801879882812, "passed": true}, "9": {"execution_time": 0.47763562202453613, "passed": false}, "10": {"execution_time": 0.5293581485748291, "passed": false}, "11": {"execution_time": 0.5374054908752441, "passed": false}}}, "check_style_score": "0/1"}