{"version": "1", "message": "ERROR: Hidden Testcases server unreachable.", "problem_id": "ads2_m6_a1_1", "user_id": "swapnika-20186045", "score": {"sample": {"0": {"execution_time": 0.6063294410705566, "passed": false}, "1": {"execution_time": 0.3778858184814453, "passed": false}, "2": {"execution_time": 0.3831501007080078, "passed": false}, "3": {"execution_time": 0.3797905445098877, "passed": false}, "4": {"execution_time": 0.4170651435852051, "passed": false}, "5": {"execution_time": 0.38811731338500977, "passed": false}, "6": {"execution_time": 0.38139939308166504, "passed": false}, "7": {"execution_time": 0.3931746482849121, "passed": false}, "8": {"execution_time": 0.37798118591308594, "passed": false}, "9": {"execution_time": 0.3954145908355713, "passed": false}, "10": {"execution_time": 0.38961052894592285, "passed": false}, "11": {"execution_time": 0.4701094627380371, "passed": false}}}, "check_style_score": "0/1"}