{"version": "1", "message": "ERROR: Hidden Testcases server unreachable.", "problem_id": "ads2_m6_a1_1", "user_id": "swapnika-20186045", "score": {"sample": {"0": {"execution_time": 0.4893796443939209, "passed": false}, "1": {"execution_time": 0.3884143829345703, "passed": false}, "2": {"execution_time": 0.41475343704223633, "passed": false}, "3": {"execution_time": 0.4001493453979492, "passed": false}, "4": {"execution_time": 0.39745187759399414, "passed": false}, "5": {"execution_time": 0.3965120315551758, "passed": true}, "6": {"execution_time": 0.4174020290374756, "passed": true}, "7": {"execution_time": 0.39180874824523926, "passed": false}, "8": {"execution_time": 0.4013664722442627, "passed": true}, "9": {"execution_time": 0.41622376441955566, "passed": false}, "10": {"execution_time": 0.38787102699279785, "passed": true}, "11": {"execution_time": 0.3971898555755615, "passed": false}}}, "check_style_score": "0/1"}