{"version": "1", "message": "ERROR: Hidden Testcases server unreachable.", "problem_id": "ads2_m6_a1_1", "user_id": "swapnika-20186045", "score": {"sample": {"0": {"execution_time": 0.6131224632263184, "passed": false}, "1": {"execution_time": 0.9251046180725098, "passed": false}, "2": {"execution_time": 0.7392258644104004, "passed": false}, "3": {"execution_time": 0.5620200634002686, "passed": false}, "4": {"execution_time": 0.4735074043273926, "passed": false}, "5": {"execution_time": 0.44817662239074707, "passed": true}, "6": {"execution_time": 0.434542179107666, "passed": true}, "7": {"execution_time": 0.6115355491638184, "passed": false}, "8": {"execution_time": 0.5209903717041016, "passed": true}, "9": {"execution_time": 0.5583662986755371, "passed": false}, "10": {"execution_time": 0.4568746089935303, "passed": true}, "11": {"execution_time": 0.7860126495361328, "passed": false}}}, "check_style_score": "0/1"}