{"version": "1", "message": "ERROR: Hidden Testcases server unreachable.", "problem_id": "ads2_m6_a1_1", "user_id": "swapnika-20186045", "score": {"sample": {"0": {"execution_time": 0.5912899971008301, "passed": false}, "1": {"execution_time": 0.5055794715881348, "passed": false}, "2": {"execution_time": 0.5454452037811279, "passed": false}, "3": {"execution_time": 0.4328126907348633, "passed": false}, "4": {"execution_time": 0.4800698757171631, "passed": false}, "5": {"execution_time": 0.4278597831726074, "passed": true}, "6": {"execution_time": 0.46816349029541016, "passed": true}, "7": {"execution_time": 0.6587944030761719, "passed": false}, "8": {"execution_time": 0.4878082275390625, "passed": true}, "9": {"execution_time": 0.41626834869384766, "passed": false}, "10": {"execution_time": 0.5019018650054932, "passed": true}, "11": {"execution_time": 0.45871734619140625, "passed": false}}}, "check_style_score": "0/1"}