{"version": "1", "message": "ERROR: Hidden Testcases server unreachable.", "problem_id": "ads2_m6_a1_1", "user_id": "swapnika-20186045", "score": {"sample": {"0": {"execution_time": 0.47167396545410156, "passed": false}, "1": {"execution_time": 0.4135124683380127, "passed": false}, "2": {"execution_time": 0.4052410125732422, "passed": false}, "3": {"execution_time": 0.44365882873535156, "passed": false}, "4": {"execution_time": 0.40184640884399414, "passed": false}, "5": {"execution_time": 0.41560792922973633, "passed": true}, "6": {"execution_time": 0.41114091873168945, "passed": true}, "7": {"execution_time": 0.41777801513671875, "passed": false}, "8": {"execution_time": 0.4022972583770752, "passed": true}, "9": {"execution_time": 0.40473246574401855, "passed": false}, "10": {"execution_time": 0.40059685707092285, "passed": true}, "11": {"execution_time": 0.4142296314239502, "passed": false}}}, "check_style_score": "1/1"}