{"version": "1", "message": "ERROR: Hidden Testcases server unreachable.", "problem_id": "ads2_m6_a1_1", "user_id": "swapnika-20186045", "score": {"sample": {"0": {"execution_time": 0.4746057987213135, "passed": false}, "1": {"execution_time": 0.40624237060546875, "passed": false}, "2": {"execution_time": 0.38973546028137207, "passed": false}, "3": {"execution_time": 0.39597582817077637, "passed": false}, "4": {"execution_time": 0.4000399112701416, "passed": false}, "5": {"execution_time": 0.4026768207550049, "passed": true}, "6": {"execution_time": 0.386049747467041, "passed": true}, "7": {"execution_time": 0.3818812370300293, "passed": false}, "8": {"execution_time": 0.4031360149383545, "passed": true}, "9": {"execution_time": 0.4013404846191406, "passed": false}, "10": {"execution_time": 0.3904409408569336, "passed": true}, "11": {"execution_time": 0.3965790271759033, "passed": false}}}, "check_style_score": "0/1"}