{"version": "1", "message": "ERROR: Hidden Testcases server unreachable.", "problem_id": "ads2_m6_a1_1", "user_id": "swapnika-20186045", "score": {"sample": {"0": {"execution_time": 0.46023130416870117, "passed": false}, "1": {"execution_time": 0.484893798828125, "passed": false}, "2": {"execution_time": 0.5130681991577148, "passed": false}, "3": {"execution_time": 0.506591796875, "passed": false}, "4": {"execution_time": 0.5439178943634033, "passed": false}, "5": {"execution_time": 0.5425341129302979, "passed": true}, "6": {"execution_time": 0.8019483089447021, "passed": true}, "7": {"execution_time": 0.4213881492614746, "passed": false}, "8": {"execution_time": 0.48462367057800293, "passed": true}, "9": {"execution_time": 0.4660181999206543, "passed": false}, "10": {"execution_time": 0.46811747550964355, "passed": true}, "11": {"execution_time": 0.46648716926574707, "passed": false}}}, "check_style_score": "0/1"}