{"version": "1", "message": "ERROR: Hidden Testcases server unreachable.", "problem_id": "ads2_m4_a1_1", "user_id": "swapnika-20186045", "score": {"sample": {"0": {"execution_time": 0.4881918430328369, "passed": true}, "1": {"execution_time": 0.2902796268463135, "passed": false}, "2": {"execution_time": 0.31186747550964355, "passed": false}, "3": {"execution_time": 0.2893857955932617, "passed": false}, "4": {"execution_time": 0.3051872253417969, "passed": false}, "5": {"execution_time": 0.29882192611694336, "passed": false}, "6": {"execution_time": 0.2862975597381592, "passed": false}, "7": {"execution_time": 0.2660648822784424, "passed": false}, "8": {"execution_time": 0.39103078842163086, "passed": true}, "9": {"execution_time": 0.33785319328308105, "passed": true}, "10": {"execution_time": 0.3377821445465088, "passed": true}, "11": {"execution_time": 0.29193902015686035, "passed": false}, "12": {"execution_time": 0.2857546806335449, "passed": false}, "13": {"execution_time": 0.29796791076660156, "passed": false}, "14": {"execution_time": 0.3360154628753662, "passed": true}}}, "check_style_score": "0/1"}