{"version": "1", "message": "ERROR: Hidden Testcases server unreachable.", "problem_id": "ads2_m4_a1_1", "user_id": "swapnika-20186045", "score": {"sample": {"0": {"execution_time": 0.4605236053466797, "passed": true}, "1": {"execution_time": 0.40546464920043945, "passed": true}, "2": {"execution_time": 0.44560670852661133, "passed": true}, "3": {"execution_time": 0.4594881534576416, "passed": true}, "4": {"execution_time": 0.37708330154418945, "passed": true}, "5": {"execution_time": 0.36089158058166504, "passed": true}, "6": {"execution_time": 0.3750801086425781, "passed": true}, "7": {"execution_time": 0.3797109127044678, "passed": true}, "8": {"execution_time": 0.4082803726196289, "passed": true}, "9": {"execution_time": 0.3437690734863281, "passed": true}, "10": {"execution_time": 0.33502864837646484, "passed": true}, "11": {"execution_time": 0.34325122833251953, "passed": true}, "12": {"execution_time": 0.34011173248291016, "passed": true}, "13": {"execution_time": 1.9733753204345703, "passed": true}, "14": {"execution_time": 0.35359811782836914, "passed": true}}}, "check_style_score": "0/1"}