{"version": "1", "message": "ERROR: Hidden Testcases server unreachable.", "problem_id": "ads2_m4_a1_1", "user_id": "swapnika-20186045", "score": {"sample": {"0": {"execution_time": 0.48107004165649414, "passed": true}, "1": {"execution_time": 0.4875831604003906, "passed": true}, "2": {"execution_time": 0.7522737979888916, "passed": true}, "3": {"execution_time": 0.6136801242828369, "passed": true}, "4": {"execution_time": 0.3871591091156006, "passed": true}, "5": {"execution_time": 0.5016064643859863, "passed": true}, "6": {"execution_time": 0.38556671142578125, "passed": true}, "7": {"execution_time": 0.39002156257629395, "passed": true}, "8": {"execution_time": 0.41268038749694824, "passed": true}, "9": {"execution_time": 0.38367128372192383, "passed": true}, "10": {"execution_time": 0.3498997688293457, "passed": true}, "11": {"execution_time": 0.3896331787109375, "passed": true}, "12": {"execution_time": 0.3381047248840332, "passed": true}, "13": {"execution_time": 2.058809280395508, "passed": true}, "14": {"execution_time": 0.33815431594848633, "passed": true}}}, "check_style_score": "0/1"}