{"version": "1", "message": "ERROR: Hidden Testcases server unreachable.", "problem_id": "ads2_m4_a1_1", "user_id": "swapnika-20186045", "score": {"sample": {"0": {"execution_time": 0.46506190299987793, "passed": true}, "1": {"execution_time": 0.2902226448059082, "passed": false}, "2": {"execution_time": 0.2980923652648926, "passed": false}, "3": {"execution_time": 0.30220913887023926, "passed": false}, "4": {"execution_time": 0.2824530601501465, "passed": false}, "5": {"execution_time": 0.2727975845336914, "passed": false}, "6": {"execution_time": 0.3042714595794678, "passed": false}, "7": {"execution_time": 0.26758408546447754, "passed": false}, "8": {"execution_time": 0.35658860206604004, "passed": false}, "9": {"execution_time": 0.3813614845275879, "passed": false}, "10": {"execution_time": 0.3979949951171875, "passed": false}, "11": {"execution_time": 0.2922976016998291, "passed": false}, "12": {"execution_time": 0.3094799518585205, "passed": false}, "13": {"execution_time": 0.28732943534851074, "passed": false}, "14": {"execution_time": 0.3414032459259033, "passed": true}}}, "check_style_score": "0/1"}