{"version": "1", "message": "ERROR: Hidden Testcases server unreachable.", "problem_id": "ads2_m4_a1_1", "user_id": "swapnika-20186045", "score": {"sample": {"0": {"execution_time": 0.46219682693481445, "passed": true}, "1": {"execution_time": 0.3231992721557617, "passed": false}, "2": {"execution_time": 0.2918572425842285, "passed": false}, "3": {"execution_time": 0.3183319568634033, "passed": false}, "4": {"execution_time": 0.28875279426574707, "passed": false}, "5": {"execution_time": 0.29998087882995605, "passed": false}, "6": {"execution_time": 0.2770729064941406, "passed": false}, "7": {"execution_time": 0.29064488410949707, "passed": false}, "8": {"execution_time": 0.39583659172058105, "passed": true}, "9": {"execution_time": 0.3940849304199219, "passed": false}, "10": {"execution_time": 0.41969966888427734, "passed": false}, "11": {"execution_time": 0.30461597442626953, "passed": false}, "12": {"execution_time": 0.2901890277862549, "passed": false}, "13": {"execution_time": 0.2871968746185303, "passed": false}, "14": {"execution_time": 0.3259470462799072, "passed": false}}}, "check_style_score": "0/1"}