{"version": "1", "message": "ERROR: Hidden Testcases server unreachable.", "problem_id": "ads2_m4_a1_1", "user_id": "swapnika-20186045", "score": {"sample": {"0": {"execution_time": 0.48073244094848633, "passed": true}, "1": {"execution_time": 0.2868664264678955, "passed": false}, "2": {"execution_time": 0.32254934310913086, "passed": false}, "3": {"execution_time": 0.28308939933776855, "passed": false}, "4": {"execution_time": 0.3036646842956543, "passed": false}, "5": {"execution_time": 0.283400297164917, "passed": false}, "6": {"execution_time": 0.28270626068115234, "passed": false}, "7": {"execution_time": 0.27875328063964844, "passed": false}, "8": {"execution_time": 0.39943408966064453, "passed": true}, "9": {"execution_time": 0.34005141258239746, "passed": true}, "10": {"execution_time": 0.3334314823150635, "passed": true}, "11": {"execution_time": 0.2739996910095215, "passed": false}, "12": {"execution_time": 0.2989943027496338, "passed": false}, "13": {"execution_time": 0.3062124252319336, "passed": false}, "14": {"execution_time": 0.37104058265686035, "passed": true}}}, "check_style_score": "0/1"}