{"version": "1", "message": "ERROR: Hidden Testcases server unreachable.", "problem_id": "ads2_m4_a1_1", "user_id": "swapnika-20186045", "score": {"sample": {"0": {"execution_time": 0.47837233543395996, "passed": true}, "1": {"execution_time": 0.40569305419921875, "passed": true}, "2": {"execution_time": 0.5208544731140137, "passed": true}, "3": {"execution_time": 0.5581576824188232, "passed": true}, "4": {"execution_time": 0.46030306816101074, "passed": true}, "5": {"execution_time": 0.4542968273162842, "passed": true}, "6": {"execution_time": 0.5019989013671875, "passed": true}, "7": {"execution_time": 0.39609742164611816, "passed": true}, "8": {"execution_time": 0.4667084217071533, "passed": true}, "9": {"execution_time": 0.35278964042663574, "passed": true}, "10": {"execution_time": 0.4203155040740967, "passed": true}, "11": {"execution_time": 0.3543102741241455, "passed": true}, "12": {"execution_time": 0.39367246627807617, "passed": true}, "13": {"execution_time": 2.1718595027923584, "passed": true}, "14": {"execution_time": 0.3665306568145752, "passed": true}}}, "check_style_score": "1/1"}