{"version": "1", "message": "ERROR: Hidden Testcases server unreachable.", "problem_id": "ads2_m4_a1_1", "user_id": "swapnika-20186045", "score": {"sample": {"0": {"execution_time": 0.4638817310333252, "passed": true}, "1": {"execution_time": 0.39222240447998047, "passed": true}, "2": {"execution_time": 0.4114649295806885, "passed": true}, "3": {"execution_time": 0.4557335376739502, "passed": true}, "4": {"execution_time": 0.3581511974334717, "passed": true}, "5": {"execution_time": 0.3620898723602295, "passed": true}, "6": {"execution_time": 0.34906911849975586, "passed": true}, "7": {"execution_time": 0.3808412551879883, "passed": true}, "8": {"execution_time": 0.3764669895172119, "passed": true}, "9": {"execution_time": 0.3183023929595947, "passed": true}, "10": {"execution_time": 0.3128070831298828, "passed": true}, "11": {"execution_time": 0.3316686153411865, "passed": true}, "12": {"execution_time": 0.31678009033203125, "passed": true}, "13": {"execution_time": 1.9387133121490479, "passed": true}, "14": {"execution_time": 0.3332669734954834, "passed": true}}}, "check_style_score": "0/1"}