{"version": "1", "message": "ERROR: Hidden Testcases server unreachable.", "problem_id": "ads2_m4_a1_1", "user_id": "swapnika-20186045", "score": {"sample": {"0": {"execution_time": 0.477374792098999, "passed": true}, "1": {"execution_time": 0.39916300773620605, "passed": true}, "2": {"execution_time": 0.44329333305358887, "passed": true}, "3": {"execution_time": 0.4699840545654297, "passed": true}, "4": {"execution_time": 0.3724827766418457, "passed": true}, "5": {"execution_time": 0.3797304630279541, "passed": true}, "6": {"execution_time": 0.45206737518310547, "passed": true}, "7": {"execution_time": 0.3798196315765381, "passed": true}, "8": {"execution_time": 0.48362016677856445, "passed": true}, "9": {"execution_time": 0.385023832321167, "passed": true}, "10": {"execution_time": 0.43009352684020996, "passed": true}, "11": {"execution_time": 0.37868404388427734, "passed": false}, "12": {"execution_time": 0.34847211837768555, "passed": false}, "13": {"execution_time": 2.4212543964385986, "passed": true}, "14": {"execution_time": 0.35646557807922363, "passed": true}}}, "check_style_score": "0/1"}