{"version": "1", "message": "ERROR: Hidden Testcases server unreachable.", "problem_id": "ads2_m4_a1_1", "user_id": "swapnika-20186045", "score": {"sample": {"0": {"execution_time": 0.6004884243011475, "passed": true}, "1": {"execution_time": 0.3978409767150879, "passed": true}, "2": {"execution_time": 0.44902801513671875, "passed": true}, "3": {"execution_time": 0.4842252731323242, "passed": true}, "4": {"execution_time": 0.3800790309906006, "passed": true}, "5": {"execution_time": 0.3914182186126709, "passed": true}, "6": {"execution_time": 0.37409305572509766, "passed": true}, "7": {"execution_time": 0.39655423164367676, "passed": true}, "8": {"execution_time": 0.4581620693206787, "passed": true}, "9": {"execution_time": 0.40137386322021484, "passed": true}, "10": {"execution_time": 0.4226682186126709, "passed": true}, "11": {"execution_time": 0.34738802909851074, "passed": true}, "12": {"execution_time": 0.48372578620910645, "passed": true}, "13": {"execution_time": 2.4691665172576904, "passed": true}, "14": {"execution_time": 0.4168694019317627, "passed": true}}}, "check_style_score": "1/1"}