{"version": "1", "message": "ERROR: Hidden Testcases server unreachable.", "problem_id": "ads2_m4_a1_1", "user_id": "swapnika-20186045", "score": {"sample": {"0": {"execution_time": 0.4905369281768799, "passed": true}, "1": {"execution_time": 0.27192068099975586, "passed": false}, "2": {"execution_time": 0.2999002933502197, "passed": false}, "3": {"execution_time": 0.30702877044677734, "passed": false}, "4": {"execution_time": 0.27152180671691895, "passed": false}, "5": {"execution_time": 0.27117037773132324, "passed": false}, "6": {"execution_time": 0.28664517402648926, "passed": false}, "7": {"execution_time": 0.2832355499267578, "passed": false}, "8": {"execution_time": 0.334758996963501, "passed": false}, "9": {"execution_time": 0.3306705951690674, "passed": true}, "10": {"execution_time": 0.40395283699035645, "passed": false}, "11": {"execution_time": 0.3027958869934082, "passed": false}, "12": {"execution_time": 0.28917598724365234, "passed": false}, "13": {"execution_time": 0.27991676330566406, "passed": false}, "14": {"execution_time": 0.36809659004211426, "passed": true}}}, "check_style_score": "0/1"}