{"version": "1", "message": "ERROR: Hidden Testcases server unreachable.", "problem_id": "ads2_m4_a1_1", "user_id": "swapnika-20186045", "score": {"sample": {"0": {"execution_time": 0.48705410957336426, "passed": true}, "1": {"execution_time": 0.36827683448791504, "passed": false}, "2": {"execution_time": 0.3146815299987793, "passed": false}, "3": {"execution_time": 0.3456227779388428, "passed": false}, "4": {"execution_time": 0.3787107467651367, "passed": false}, "5": {"execution_time": 0.30334043502807617, "passed": false}, "6": {"execution_time": 0.2956814765930176, "passed": false}, "7": {"execution_time": 0.2886981964111328, "passed": false}, "8": {"execution_time": 0.3537411689758301, "passed": false}, "9": {"execution_time": 0.3384394645690918, "passed": true}, "10": {"execution_time": 0.3972296714782715, "passed": false}, "11": {"execution_time": 0.28095459938049316, "passed": false}, "12": {"execution_time": 0.2775299549102783, "passed": false}, "13": {"execution_time": 0.2944183349609375, "passed": false}, "14": {"execution_time": 0.34934234619140625, "passed": true}}}, "check_style_score": "0/1"}