{"version": "1", "message": "ERROR: Hidden Testcases server unreachable.", "problem_id": "ads2_m4_a1_1", "user_id": "swapnika-20186045", "score": {"sample": {"0": {"execution_time": 0.476809024810791, "passed": true}, "1": {"execution_time": 0.39198803901672363, "passed": true}, "2": {"execution_time": 0.5513825416564941, "passed": true}, "3": {"execution_time": 0.619795560836792, "passed": true}, "4": {"execution_time": 0.4369335174560547, "passed": true}, "5": {"execution_time": 0.4602532386779785, "passed": true}, "6": {"execution_time": 0.45270752906799316, "passed": true}, "7": {"execution_time": 0.4112122058868408, "passed": true}, "8": {"execution_time": 0.5010631084442139, "passed": true}, "9": {"execution_time": 0.4308149814605713, "passed": true}, "10": {"execution_time": 0.4023284912109375, "passed": true}, "11": {"execution_time": 0.3251321315765381, "passed": true}, "12": {"execution_time": 0.4799036979675293, "passed": true}, "13": {"execution_time": 2.8428328037261963, "passed": true}, "14": {"execution_time": 0.4495213031768799, "passed": true}}}, "check_style_score": "1/1"}