{"version": "1", "message": "ERROR: Hidden Testcases server unreachable.", "problem_id": "ads2_m4_a1_1", "user_id": "swapnika-20186045", "score": {"sample": {"0": {"execution_time": 0.4594743251800537, "passed": true}, "1": {"execution_time": 0.41281700134277344, "passed": true}, "2": {"execution_time": 0.4461984634399414, "passed": true}, "3": {"execution_time": 0.589606761932373, "passed": true}, "4": {"execution_time": 0.4043734073638916, "passed": true}, "5": {"execution_time": 0.4694228172302246, "passed": true}, "6": {"execution_time": 0.3993687629699707, "passed": true}, "7": {"execution_time": 0.4228198528289795, "passed": true}, "8": {"execution_time": 0.4930148124694824, "passed": true}, "9": {"execution_time": 0.34880542755126953, "passed": true}, "10": {"execution_time": 0.35186076164245605, "passed": true}, "11": {"execution_time": 0.3658180236816406, "passed": true}, "12": {"execution_time": 0.3523087501525879, "passed": true}, "13": {"execution_time": 2.0139553546905518, "passed": true}, "14": {"execution_time": 0.34580087661743164, "passed": true}}}, "check_style_score": "1/1"}