{"version": "1", "message": "ERROR: Hidden Testcases server unreachable.", "problem_id": "ads2_m4_a1_1", "user_id": "swapnika-20186045", "score": {"sample": {"0": {"execution_time": 0.4830458164215088, "passed": true}, "1": {"execution_time": 0.46768975257873535, "passed": false}, "2": {"execution_time": 0.46172237396240234, "passed": false}, "3": {"execution_time": 0.4647641181945801, "passed": false}, "4": {"execution_time": 0.34551119804382324, "passed": false}, "5": {"execution_time": 0.333881139755249, "passed": false}, "6": {"execution_time": 0.35178494453430176, "passed": false}, "7": {"execution_time": 0.34177494049072266, "passed": false}, "8": {"execution_time": 0.4045100212097168, "passed": true}, "9": {"execution_time": 0.3394429683685303, "passed": true}, "10": {"execution_time": 0.3334360122680664, "passed": true}, "11": {"execution_time": 0.350665807723999, "passed": false}, "12": {"execution_time": 0.3309049606323242, "passed": false}, "13": {"execution_time": 1.7219030857086182, "passed": false}, "14": {"execution_time": 0.3597123622894287, "passed": true}}}, "check_style_score": "0/1"}