{"version": "1", "message": "ERROR: Hidden Testcases server unreachable.", "problem_id": "ads2_m4_a1_1", "user_id": "swapnika-20186045", "score": {"sample": {"0": {"execution_time": 0.4590752124786377, "passed": true}, "1": {"execution_time": 0.4003937244415283, "passed": true}, "2": {"execution_time": 0.446535587310791, "passed": true}, "3": {"execution_time": 0.4685087203979492, "passed": true}, "4": {"execution_time": 0.38237953186035156, "passed": true}, "5": {"execution_time": 0.3828883171081543, "passed": true}, "6": {"execution_time": 0.36261463165283203, "passed": true}, "7": {"execution_time": 0.6213850975036621, "passed": true}, "8": {"execution_time": 0.3984363079071045, "passed": true}, "9": {"execution_time": 0.3280010223388672, "passed": true}, "10": {"execution_time": 0.3446052074432373, "passed": true}, "11": {"execution_time": 0.3459930419921875, "passed": true}, "12": {"execution_time": 0.342883825302124, "passed": true}, "13": {"execution_time": 1.8272173404693604, "passed": true}, "14": {"execution_time": 0.3512303829193115, "passed": true}}}, "check_style_score": "1/1"}