{"version": "1", "message": "ERROR: Hidden Testcases server unreachable.", "problem_id": "ads2_m2_a1_1", "user_id": "swapnika-20186045", "score": {"sample": {"0": {"execution_time": 0.49979138374328613, "passed": false}, "1": {"execution_time": 0.3494899272918701, "passed": false}, "2": {"execution_time": 0.2930586338043213, "passed": true}, "3": {"execution_time": 0.2888145446777344, "passed": false}, "4": {"execution_time": 0.3501932621002197, "passed": true}, "5": {"execution_time": 0.28350067138671875, "passed": false}, "6": {"execution_time": 0.2968013286590576, "passed": true}, "7": {"execution_time": 0.34027791023254395, "passed": true}, "8": {"execution_time": 0.3568737506866455, "passed": true}, "9": {"execution_time": 0.2845165729522705, "passed": true}, "10": {"execution_time": 0.2907679080963135, "passed": true}, "11": {"execution_time": 0.2821674346923828, "passed": true}, "12": {"execution_time": 0.28937196731567383, "passed": true}, "13": {"execution_time": 0.2675199508666992, "passed": false}, "14": {"execution_time": 0.28405165672302246, "passed": true}, "15": {"execution_time": 0.3044257164001465, "passed": false}, "16": {"execution_time": 0.30971550941467285, "passed": true}, "17": {"execution_time": 0.38250160217285156, "passed": true}, "18": {"execution_time": 0.33652281761169434, "passed": true}, "19": {"execution_time": 0.3685331344604492, "passed": true}, "20": {"execution_time": 0.3770296573638916, "passed": true}, "21": {"execution_time": 0.28936123847961426, "passed": true}, "22": {"execution_time": 0.4164540767669678, "passed": true}, "23": {"execution_time": 0.5545964241027832, "passed": true}}}, "check_style_score": "0/1"}