{"version": "1", "message": "ERROR: Hidden Testcases server unreachable.", "problem_id": "ads2_m2_a1_1", "user_id": "swapnika-20186045", "score": {"sample": {"0": {"execution_time": 0.36519432067871094, "passed": false}, "1": {"execution_time": 0.28736209869384766, "passed": false}, "2": {"execution_time": 0.4364757537841797, "passed": false}, "3": {"execution_time": 0.2841224670410156, "passed": false}, "4": {"execution_time": 0.296994686126709, "passed": false}, "5": {"execution_time": 0.28267383575439453, "passed": false}, "6": {"execution_time": 0.2790060043334961, "passed": false}, "7": {"execution_time": 0.30564403533935547, "passed": false}, "8": {"execution_time": 0.27988481521606445, "passed": false}, "9": {"execution_time": 0.279937744140625, "passed": false}, "10": {"execution_time": 0.29668140411376953, "passed": false}, "11": {"execution_time": 0.2871840000152588, "passed": false}, "12": {"execution_time": 0.3155782222747803, "passed": false}, "13": {"execution_time": 0.28505373001098633, "passed": false}, "14": {"execution_time": 0.29263877868652344, "passed": false}, "15": {"execution_time": 0.28212571144104004, "passed": false}, "16": {"execution_time": 0.2977254390716553, "passed": false}, "17": {"execution_time": 0.33207035064697266, "passed": false}, "18": {"execution_time": 0.35677146911621094, "passed": false}, "19": {"execution_time": 0.3996431827545166, "passed": false}, "20": {"execution_time": 0.3117249011993408, "passed": false}, "21": {"execution_time": 0.2831578254699707, "passed": false}, "22": {"execution_time": 0.3348195552825928, "passed": false}, "23": {"execution_time": 0.30161404609680176, "passed": false}}}, "check_style_score": "0/1"}