{"version": "1", "message": "ERROR: Hidden Testcases server unreachable.", "problem_id": "ads2_m2_a1_1", "user_id": "swapnika-20186045", "score": {"sample": {"0": {"execution_time": 0.4297959804534912, "passed": true}, "1": {"execution_time": 0.2990596294403076, "passed": true}, "2": {"execution_time": 0.291579008102417, "passed": true}, "3": {"execution_time": 0.2943711280822754, "passed": true}, "4": {"execution_time": 0.28629159927368164, "passed": true}, "5": {"execution_time": 0.2823967933654785, "passed": true}, "6": {"execution_time": 0.30750274658203125, "passed": true}, "7": {"execution_time": 0.3057096004486084, "passed": true}, "8": {"execution_time": 0.30315637588500977, "passed": true}, "9": {"execution_time": 0.2942531108856201, "passed": true}, "10": {"execution_time": 0.3648977279663086, "passed": true}, "11": {"execution_time": 0.3077430725097656, "passed": true}, "12": {"execution_time": 0.28247547149658203, "passed": true}, "13": {"execution_time": 0.28586244583129883, "passed": true}, "14": {"execution_time": 0.2868082523345947, "passed": true}, "15": {"execution_time": 0.3154294490814209, "passed": true}, "16": {"execution_time": 0.32296299934387207, "passed": true}, "17": {"execution_time": 0.38424253463745117, "passed": true}, "18": {"execution_time": 0.3600475788116455, "passed": true}, "19": {"execution_time": 0.3923637866973877, "passed": true}, "20": {"execution_time": 0.4002983570098877, "passed": true}, "21": {"execution_time": 0.29378795623779297, "passed": true}, "22": {"execution_time": 0.4493114948272705, "passed": true}, "23": {"execution_time": 0.47455883026123047, "passed": true}}}, "check_style_score": "1/1"}