{"version": "1", "message": "ERROR: Hidden Testcases server unreachable.", "problem_id": "ads2_m2_a1_1", "user_id": "swapnika-20186045", "score": {"sample": {"0": {"execution_time": 0.4525942802429199, "passed": true}, "1": {"execution_time": 0.2896127700805664, "passed": true}, "2": {"execution_time": 0.3208739757537842, "passed": true}, "3": {"execution_time": 0.4142594337463379, "passed": true}, "4": {"execution_time": 0.3021543025970459, "passed": true}, "5": {"execution_time": 0.29193735122680664, "passed": true}, "6": {"execution_time": 0.3013606071472168, "passed": true}, "7": {"execution_time": 0.2918543815612793, "passed": true}, "8": {"execution_time": 0.29062342643737793, "passed": true}, "9": {"execution_time": 0.29094862937927246, "passed": true}, "10": {"execution_time": 0.3270878791809082, "passed": true}, "11": {"execution_time": 0.34958434104919434, "passed": true}, "12": {"execution_time": 0.3485405445098877, "passed": true}, "13": {"execution_time": 0.36803269386291504, "passed": true}, "14": {"execution_time": 0.3037903308868408, "passed": true}, "15": {"execution_time": 0.42046618461608887, "passed": true}, "16": {"execution_time": 0.30954813957214355, "passed": true}, "17": {"execution_time": 0.46764445304870605, "passed": true}, "18": {"execution_time": 0.344928503036499, "passed": true}, "19": {"execution_time": 0.46418285369873047, "passed": true}, "20": {"execution_time": 0.3803081512451172, "passed": true}, "21": {"execution_time": 0.3673064708709717, "passed": true}, "22": {"execution_time": 0.5512411594390869, "passed": false}, "23": {"execution_time": 0.46364259719848633, "passed": true}}}, "check_style_score": "1/1"}