{"version": "1", "message": "ERROR: Hidden Testcases server unreachable.", "problem_id": "ads2_m2_a1_1", "user_id": "swapnika-20186045", "score": {"sample": {"0": {"execution_time": 0.4863858222961426, "passed": false}, "1": {"execution_time": 0.31597399711608887, "passed": false}, "2": {"execution_time": 0.27951979637145996, "passed": false}, "3": {"execution_time": 0.2749447822570801, "passed": false}, "4": {"execution_time": 0.27793002128601074, "passed": false}, "5": {"execution_time": 0.2901012897491455, "passed": false}, "6": {"execution_time": 0.28475379943847656, "passed": false}, "7": {"execution_time": 0.2817244529724121, "passed": false}, "8": {"execution_time": 0.2877833843231201, "passed": false}, "9": {"execution_time": 0.28764867782592773, "passed": false}, "10": {"execution_time": 0.28917932510375977, "passed": false}, "11": {"execution_time": 0.2874739170074463, "passed": false}, "12": {"execution_time": 0.28856682777404785, "passed": false}, "13": {"execution_time": 0.27896714210510254, "passed": false}, "14": {"execution_time": 0.2770528793334961, "passed": false}, "15": {"execution_time": 0.3051769733428955, "passed": false}, "16": {"execution_time": 0.2849466800689697, "passed": false}, "17": {"execution_time": 0.27393221855163574, "passed": false}, "18": {"execution_time": 0.2823774814605713, "passed": false}, "19": {"execution_time": 0.2949397563934326, "passed": false}, "20": {"execution_time": 0.28859663009643555, "passed": false}, "21": {"execution_time": 0.28323912620544434, "passed": false}, "22": {"execution_time": 0.30035924911499023, "passed": false}, "23": {"execution_time": 0.2900698184967041, "passed": false}}}, "check_style_score": "1/1"}