{"version": "1", "message": "ERROR: Hidden Testcases server unreachable.", "problem_id": "ads2_m2_a1_1", "user_id": "swapnika-20186045", "score": {"sample": {"0": {"execution_time": 0.42246007919311523, "passed": false}, "1": {"execution_time": 0.2888343334197998, "passed": false}, "2": {"execution_time": 0.5244655609130859, "passed": false}, "3": {"execution_time": 0.39655303955078125, "passed": false}, "4": {"execution_time": 0.3264038562774658, "passed": false}, "5": {"execution_time": 0.36402201652526855, "passed": false}, "6": {"execution_time": 0.3177790641784668, "passed": false}, "7": {"execution_time": 0.31171607971191406, "passed": false}, "8": {"execution_time": 0.32005834579467773, "passed": false}, "9": {"execution_time": 0.32888054847717285, "passed": false}, "10": {"execution_time": 0.31189966201782227, "passed": false}, "11": {"execution_time": 0.31240153312683105, "passed": false}, "12": {"execution_time": 0.3155860900878906, "passed": false}, "13": {"execution_time": 0.3316068649291992, "passed": false}, "14": {"execution_time": 0.45429420471191406, "passed": false}, "15": {"execution_time": 0.3459913730621338, "passed": false}, "16": {"execution_time": 0.41370081901550293, "passed": false}, "17": {"execution_time": 0.4103548526763916, "passed": false}, "18": {"execution_time": 0.36337852478027344, "passed": false}, "19": {"execution_time": 0.4338207244873047, "passed": false}, "20": {"execution_time": 0.4258120059967041, "passed": false}, "21": {"execution_time": 0.33043909072875977, "passed": false}, "22": {"execution_time": 0.564685583114624, "passed": false}, "23": {"execution_time": 0.4245169162750244, "passed": false}}}, "check_style_score": "0/1"}