{"version": "1", "message": "ERROR: Hidden Testcases server unreachable.", "problem_id": "ads2_m2_a1_1", "user_id": "swapnika-20186045", "score": {"sample": {"0": {"execution_time": 0.4818723201751709, "passed": false}, "1": {"execution_time": 0.2849736213684082, "passed": false}, "2": {"execution_time": 0.27619147300720215, "passed": false}, "3": {"execution_time": 0.28392887115478516, "passed": false}, "4": {"execution_time": 0.28475260734558105, "passed": false}, "5": {"execution_time": 0.2929356098175049, "passed": false}, "6": {"execution_time": 0.35460472106933594, "passed": false}, "7": {"execution_time": 0.3067142963409424, "passed": false}, "8": {"execution_time": 0.27782678604125977, "passed": false}, "9": {"execution_time": 0.3079354763031006, "passed": false}, "10": {"execution_time": 0.2918429374694824, "passed": false}, "11": {"execution_time": 0.2810482978820801, "passed": false}, "12": {"execution_time": 0.2871701717376709, "passed": false}, "13": {"execution_time": 0.2866206169128418, "passed": false}, "14": {"execution_time": 0.2784879207611084, "passed": false}, "15": {"execution_time": 0.2824099063873291, "passed": false}, "16": {"execution_time": 0.2874119281768799, "passed": false}, "17": {"execution_time": 0.28849339485168457, "passed": false}, "18": {"execution_time": 0.2987339496612549, "passed": false}, "19": {"execution_time": 0.28002500534057617, "passed": false}, "20": {"execution_time": 0.29988694190979004, "passed": false}, "21": {"execution_time": 0.28451013565063477, "passed": false}, "22": {"execution_time": 0.31638312339782715, "passed": false}, "23": {"execution_time": 0.30679750442504883, "passed": false}}}, "check_style_score": "0/1"}