{"version": "1", "message": "ERROR: Hidden Testcases server unreachable.", "problem_id": "ads2_m2_a1_1", "user_id": "swapnika-20186045", "score": {"sample": {"0": {"execution_time": 0.48618197441101074, "passed": true}, "1": {"execution_time": 0.286480188369751, "passed": true}, "2": {"execution_time": 0.3038656711578369, "passed": true}, "3": {"execution_time": 0.2829432487487793, "passed": true}, "4": {"execution_time": 0.35850071907043457, "passed": true}, "5": {"execution_time": 0.3418867588043213, "passed": true}, "6": {"execution_time": 0.33659863471984863, "passed": true}, "7": {"execution_time": 0.40393614768981934, "passed": true}, "8": {"execution_time": 0.30469799041748047, "passed": true}, "9": {"execution_time": 0.36458373069763184, "passed": true}, "10": {"execution_time": 0.34722089767456055, "passed": true}, "11": {"execution_time": 0.352435827255249, "passed": true}, "12": {"execution_time": 0.36466336250305176, "passed": true}, "13": {"execution_time": 0.32164788246154785, "passed": true}, "14": {"execution_time": 0.36600589752197266, "passed": true}, "15": {"execution_time": 0.3900420665740967, "passed": true}, "16": {"execution_time": 0.3458251953125, "passed": true}, "17": {"execution_time": 0.41296815872192383, "passed": true}, "18": {"execution_time": 0.43340301513671875, "passed": true}, "19": {"execution_time": 0.4289820194244385, "passed": true}, "20": {"execution_time": 0.4351968765258789, "passed": true}, "21": {"execution_time": 0.3610503673553467, "passed": true}, "22": {"execution_time": 0.5832750797271729, "passed": false}, "23": {"execution_time": 0.508711576461792, "passed": true}}}, "check_style_score": "1/1"}