{"version": "1", "message": "ERROR: Hidden Testcases server unreachable.", "problem_id": "ads2_m2_a1_1", "user_id": "swapnika-20186045", "score": {"sample": {"0": {"execution_time": 0.43209409713745117, "passed": true}, "1": {"execution_time": 0.29149818420410156, "passed": true}, "2": {"execution_time": 0.2785451412200928, "passed": true}, "3": {"execution_time": 0.2879307270050049, "passed": true}, "4": {"execution_time": 0.30882883071899414, "passed": true}, "5": {"execution_time": 0.288074254989624, "passed": true}, "6": {"execution_time": 0.2826220989227295, "passed": true}, "7": {"execution_time": 0.27956414222717285, "passed": true}, "8": {"execution_time": 0.28638458251953125, "passed": true}, "9": {"execution_time": 0.2792515754699707, "passed": true}, "10": {"execution_time": 0.31348419189453125, "passed": true}, "11": {"execution_time": 0.29494714736938477, "passed": true}, "12": {"execution_time": 0.2974722385406494, "passed": true}, "13": {"execution_time": 0.29772377014160156, "passed": true}, "14": {"execution_time": 0.3018620014190674, "passed": true}, "15": {"execution_time": 0.30362915992736816, "passed": true}, "16": {"execution_time": 0.34447503089904785, "passed": true}, "17": {"execution_time": 0.376666784286499, "passed": true}, "18": {"execution_time": 0.34221529960632324, "passed": true}, "19": {"execution_time": 0.39057374000549316, "passed": true}, "20": {"execution_time": 0.3803398609161377, "passed": true}, "21": {"execution_time": 0.2979929447174072, "passed": true}, "22": {"execution_time": 0.40978217124938965, "passed": true}, "23": {"execution_time": 0.41223764419555664, "passed": true}}}, "check_style_score": "1/1"}