{"version": "1", "message": "ERROR: Hidden Testcases server unreachable.", "problem_id": "ads2_m2_a1_1", "user_id": "swapnika-20186045", "score": {"sample": {"0": {"execution_time": 0.46608805656433105, "passed": false}, "1": {"execution_time": 0.34320688247680664, "passed": false}, "2": {"execution_time": 0.325991153717041, "passed": true}, "3": {"execution_time": 0.3746955394744873, "passed": false}, "4": {"execution_time": 0.34775495529174805, "passed": true}, "5": {"execution_time": 0.2917172908782959, "passed": false}, "6": {"execution_time": 0.28976869583129883, "passed": true}, "7": {"execution_time": 0.302081823348999, "passed": true}, "8": {"execution_time": 0.29471564292907715, "passed": true}, "9": {"execution_time": 0.39426684379577637, "passed": true}, "10": {"execution_time": 0.29442477226257324, "passed": true}, "11": {"execution_time": 0.3049020767211914, "passed": true}, "12": {"execution_time": 0.28937578201293945, "passed": true}, "13": {"execution_time": 0.28879570960998535, "passed": false}, "14": {"execution_time": 0.29683399200439453, "passed": true}, "15": {"execution_time": 0.3167612552642822, "passed": false}, "16": {"execution_time": 0.32250046730041504, "passed": true}, "17": {"execution_time": 0.37775635719299316, "passed": true}, "18": {"execution_time": 0.34388184547424316, "passed": true}, "19": {"execution_time": 0.36953115463256836, "passed": true}, "20": {"execution_time": 0.3833305835723877, "passed": true}, "21": {"execution_time": 0.30107688903808594, "passed": true}, "22": {"execution_time": 0.4141244888305664, "passed": true}, "23": {"execution_time": 0.40487051010131836, "passed": true}}}, "check_style_score": "0/1"}