{"version": "1", "message": "ERROR: Hidden Testcases server unreachable.", "problem_id": "ads2_m2_a1_1", "user_id": "swapnika-20186045", "score": {"sample": {"0": {"execution_time": 0.4014413356781006, "passed": true}, "1": {"execution_time": 0.28660011291503906, "passed": true}, "2": {"execution_time": 0.2810235023498535, "passed": false}, "3": {"execution_time": 0.2854912281036377, "passed": true}, "4": {"execution_time": 0.2719864845275879, "passed": false}, "5": {"execution_time": 0.28296566009521484, "passed": true}, "6": {"execution_time": 0.28363776206970215, "passed": false}, "7": {"execution_time": 0.29964399337768555, "passed": false}, "8": {"execution_time": 0.2775411605834961, "passed": false}, "9": {"execution_time": 0.2741672992706299, "passed": false}, "10": {"execution_time": 0.3082447052001953, "passed": false}, "11": {"execution_time": 0.26665687561035156, "passed": false}, "12": {"execution_time": 0.28461289405822754, "passed": false}, "13": {"execution_time": 0.29793787002563477, "passed": true}, "14": {"execution_time": 0.28826189041137695, "passed": false}, "15": {"execution_time": 0.295886754989624, "passed": true}, "16": {"execution_time": 0.3087794780731201, "passed": false}, "17": {"execution_time": 0.35614967346191406, "passed": false}, "18": {"execution_time": 0.341505765914917, "passed": false}, "19": {"execution_time": 0.3608546257019043, "passed": false}, "20": {"execution_time": 0.35907936096191406, "passed": false}, "21": {"execution_time": 0.2871983051300049, "passed": false}, "22": {"execution_time": 0.4121832847595215, "passed": false}, "23": {"execution_time": 0.40713930130004883, "passed": false}}}, "check_style_score": "0/1"}