{"version": "1", "message": "ERROR: Hidden Testcases server unreachable.", "problem_id": "ads2_m2_a1_1", "user_id": "swapnika-20186045", "score": {"sample": {"0": {"execution_time": 0.3904118537902832, "passed": true}, "1": {"execution_time": 0.31900548934936523, "passed": true}, "2": {"execution_time": 0.2890138626098633, "passed": false}, "3": {"execution_time": 0.2872486114501953, "passed": true}, "4": {"execution_time": 0.2822458744049072, "passed": false}, "5": {"execution_time": 0.2886629104614258, "passed": true}, "6": {"execution_time": 0.3075287342071533, "passed": false}, "7": {"execution_time": 0.28783559799194336, "passed": false}, "8": {"execution_time": 0.2924661636352539, "passed": false}, "9": {"execution_time": 0.2814152240753174, "passed": false}, "10": {"execution_time": 0.2965245246887207, "passed": false}, "11": {"execution_time": 0.2989044189453125, "passed": false}, "12": {"execution_time": 0.2786076068878174, "passed": false}, "13": {"execution_time": 0.30443310737609863, "passed": true}, "14": {"execution_time": 0.29327917098999023, "passed": false}, "15": {"execution_time": 0.31986236572265625, "passed": true}, "16": {"execution_time": 0.31545376777648926, "passed": false}, "17": {"execution_time": 0.35097694396972656, "passed": false}, "18": {"execution_time": 0.36258530616760254, "passed": false}, "19": {"execution_time": 0.34369516372680664, "passed": false}, "20": {"execution_time": 0.3832089900970459, "passed": false}, "21": {"execution_time": 0.2940843105316162, "passed": false}, "22": {"execution_time": 0.4418187141418457, "passed": false}, "23": {"execution_time": 0.6209926605224609, "passed": false}}}, "check_style_score": "0/1"}