{"version": "1", "message": "ERROR: Hidden Testcases server unreachable.", "problem_id": "ads2_m2_a1_1", "user_id": "swapnika-20186045", "score": {"sample": {"0": {"execution_time": 0.39020299911499023, "passed": false}, "1": {"execution_time": 0.2803456783294678, "passed": false}, "2": {"execution_time": 0.29299092292785645, "passed": true}, "3": {"execution_time": 0.28211045265197754, "passed": false}, "4": {"execution_time": 0.2956829071044922, "passed": true}, "5": {"execution_time": 0.2731971740722656, "passed": false}, "6": {"execution_time": 0.2900979518890381, "passed": true}, "7": {"execution_time": 0.28139448165893555, "passed": true}, "8": {"execution_time": 0.28388214111328125, "passed": true}, "9": {"execution_time": 0.2896888256072998, "passed": true}, "10": {"execution_time": 0.32866430282592773, "passed": true}, "11": {"execution_time": 0.3092305660247803, "passed": true}, "12": {"execution_time": 0.34087443351745605, "passed": true}, "13": {"execution_time": 0.2881960868835449, "passed": false}, "14": {"execution_time": 0.34618306159973145, "passed": true}, "15": {"execution_time": 0.40306878089904785, "passed": false}, "16": {"execution_time": 0.37296080589294434, "passed": true}, "17": {"execution_time": 0.41971325874328613, "passed": true}, "18": {"execution_time": 0.4625225067138672, "passed": true}, "19": {"execution_time": 0.547426700592041, "passed": true}, "20": {"execution_time": 0.3598196506500244, "passed": true}, "21": {"execution_time": 0.27430105209350586, "passed": true}, "22": {"execution_time": 0.4072694778442383, "passed": true}, "23": {"execution_time": 0.40801334381103516, "passed": true}}}, "check_style_score": "0/1"}