{"version": "1", "message": "ERROR: Hidden Testcases server unreachable.", "problem_id": "ads2_m2_a1_1", "user_id": "swapnika-20186045", "score": {"sample": {"0": {"execution_time": 0.3592362403869629, "passed": false}, "1": {"execution_time": 0.2917177677154541, "passed": false}, "2": {"execution_time": 0.2980527877807617, "passed": false}, "3": {"execution_time": 0.32651352882385254, "passed": false}, "4": {"execution_time": 0.2818479537963867, "passed": false}, "5": {"execution_time": 0.3650062084197998, "passed": false}, "6": {"execution_time": 0.2841494083404541, "passed": false}, "7": {"execution_time": 0.28915882110595703, "passed": false}, "8": {"execution_time": 0.30080556869506836, "passed": false}, "9": {"execution_time": 0.29702281951904297, "passed": false}, "10": {"execution_time": 0.3575100898742676, "passed": false}, "11": {"execution_time": 0.3019382953643799, "passed": false}, "12": {"execution_time": 0.3023355007171631, "passed": false}, "13": {"execution_time": 0.283461332321167, "passed": false}, "14": {"execution_time": 0.2748148441314697, "passed": false}, "15": {"execution_time": 0.28927183151245117, "passed": false}, "16": {"execution_time": 0.29506611824035645, "passed": false}, "17": {"execution_time": 0.29146265983581543, "passed": false}, "18": {"execution_time": 0.3026237487792969, "passed": false}, "19": {"execution_time": 0.295335054397583, "passed": false}, "20": {"execution_time": 0.29003286361694336, "passed": false}, "21": {"execution_time": 0.2821657657623291, "passed": false}, "22": {"execution_time": 0.31024169921875, "passed": false}, "23": {"execution_time": 0.32900214195251465, "passed": false}}}, "check_style_score": "0/1"}